{"cameraMode":{"drawMode":0,"name":"Shaded","section":"Shading Mode"},"sceneLighting":true,"audioPlay":false,"sceneViewState":{"showFog":true,"showMaterialUpdate":false,"showSkybox":true,"showFlares":true,"showImageEffects":true,"showParticleSystems":true},"in2DMode":false,"pivot":{"x":959.0806274414063,"y":278.8961181640625,"z":-36.36558532714844},"rotation":{"x":-0.28058570623397829,"y":0.07534224539995194,"z":-0.022098742425441743,"w":-0.9566119909286499},"size":105.81227111816406,"orthographic":false}