{"cameraMode":{"drawMode":0,"name":"Shaded","section":"Shading Mode"},"sceneLighting":true,"audioPlay":false,"sceneViewState":{"showFog":true,"showMaterialUpdate":false,"showSkybox":true,"showFlares":true,"showImageEffects":true,"showParticleSystems":true},"in2DMode":false,"pivot":{"x":822.7041625976563,"y":192.38531494140626,"z":84.25334167480469},"rotation":{"x":-0.21675008535385133,"y":0.08393078297376633,"z":-0.018707813695073129,"w":-0.972432553768158},"size":277.2937316894531,"orthographic":false}